{"cameraMode":{"drawMode":0,"name":"Shaded","section":"Shading Mode"},"sceneLighting":false,"audioPlay":false,"sceneViewState":{"showFog":true,"showMaterialUpdate":true,"showSkybox":true,"showFlares":true,"showImageEffects":true,"showParticleSystems":true},"in2DMode":false,"pivot":{"x":1.4520481824874879,"y":0.0520223006606102,"z":-30.190000534057618},"rotation":{"x":0.0018768047448247672,"y":0.780142068862915,"z":-0.0023404185194522144,"w":0.6255953311920166},"size":1.9782683849334717,"orthographic":false}