{"cameraMode":{"drawMode":0,"name":"Shaded","section":"Shading Mode"},"sceneLighting":false,"audioPlay":false,"sceneViewState":{"showFog":true,"showMaterialUpdate":true,"showSkybox":true,"showFlares":true,"showImageEffects":true,"showParticleSystems":true},"in2DMode":false,"pivot":{"x":24.33186149597168,"y":0.7060936689376831,"z":-26.699249267578126},"rotation":{"x":0.08030187338590622,"y":0.22380530834197999,"z":-0.018505968153476716,"w":0.9711453914642334},"size":3.874713897705078,"orthographic":false}