{"cameraMode":{"drawMode":0,"name":"Shaded","section":"Shading Mode"},"sceneLighting":true,"audioPlay":false,"sceneViewState":{"showFog":true,"showMaterialUpdate":true,"showSkybox":true,"showFlares":true,"showImageEffects":true,"showParticleSystems":true},"in2DMode":false,"pivot":{"x":1.4732162952423096,"y":0.9055173397064209,"z":-30.038354873657228},"rotation":{"x":-0.10328559577465058,"y":0.024477722123265268,"z":-0.0025434799026697876,"w":-0.994356632232666},"size":9.389840126037598,"orthographic":false}