{"cameraMode":{"drawMode":0,"name":"Shaded","section":"Shading Mode"},"sceneLighting":false,"audioPlay":false,"sceneViewState":{"showFog":true,"showMaterialUpdate":true,"showSkybox":true,"showFlares":true,"showImageEffects":true,"showParticleSystems":true},"in2DMode":false,"pivot":{"x":0.06472444534301758,"y":1.928870439529419,"z":6.796274185180664},"rotation":{"x":0.1226901113986969,"y":0.0008914767531678081,"z":-0.00011019610974472016,"w":0.9924451112747192},"size":3.984651565551758,"orthographic":false}