{"cameraMode":{"drawMode":0,"name":"Shaded","section":"Shading Mode"},"sceneLighting":false,"audioPlay":false,"sceneViewState":{"showFog":true,"showMaterialUpdate":true,"showSkybox":true,"showFlares":true,"showImageEffects":true,"showParticleSystems":true},"in2DMode":false,"pivot":{"x":2.9802322387695315e-8,"y":0.19999998807907105,"z":-29.889999389648439},"rotation":{"x":0.05784289166331291,"y":0.3940616250038147,"z":-0.02485867589712143,"w":0.9169268608093262},"size":1.4289517402648926,"orthographic":false}