{"cameraMode":{"drawMode":0,"name":"Shaded","section":"Shading Mode"},"sceneLighting":false,"audioPlay":false,"sceneViewState":{"showFog":true,"showMaterialUpdate":true,"showSkybox":true,"showFlares":true,"showImageEffects":true,"showParticleSystems":true},"in2DMode":false,"pivot":{"x":-12.226485252380371,"y":29.824462890625,"z":63.00501251220703},"rotation":{"x":0.09596127271652222,"y":0.12655842304229737,"z":-0.01230178028345108,"w":0.9872304797172546},"size":216.74868774414063,"orthographic":false}