{"cameraMode":{"drawMode":0,"name":"Shaded","section":"Shading Mode"},"sceneLighting":false,"audioPlay":false,"sceneViewState":{"showFog":true,"showMaterialUpdate":true,"showSkybox":true,"showFlares":true,"showImageEffects":true,"showParticleSystems":true},"in2DMode":false,"pivot":{"x":0.4792192578315735,"y":0.6929081678390503,"z":-28.528545379638673},"rotation":{"x":0.13113023340702058,"y":0.4102703630924225,"z":-0.05974326655268669,"w":0.9005081653594971},"size":1.3618451356887818,"orthographic":false}