{"cameraMode":{"drawMode":0,"name":"Shaded","section":"Shading Mode"},"sceneLighting":false,"audioPlay":false,"sceneViewState":{"showFog":true,"showMaterialUpdate":true,"showSkybox":true,"showFlares":true,"showImageEffects":true,"showParticleSystems":true},"in2DMode":false,"pivot":{"x":12.199999809265137,"y":23.899999618530275,"z":105.5999984741211},"rotation":{"x":0.11954981833696366,"y":0.26839298009872439,"z":-0.03358869627118111,"w":0.9552726745605469},"size":20.20829200744629,"orthographic":false}