{"cameraMode":{"drawMode":0,"name":"Shaded","section":"Shading Mode"},"sceneLighting":false,"audioPlay":false,"sceneViewState":{"showFog":true,"showMaterialUpdate":true,"showSkybox":true,"showFlares":true,"showImageEffects":true,"showParticleSystems":true},"in2DMode":false,"pivot":{"x":4.189875602722168,"y":0.9055174589157105,"z":-30.220237731933595},"rotation":{"x":0.26586005091667178,"y":-0.1096048653125763,"z":0.030440054833889009,"w":0.9572776556015015},"size":3.2999205589294435,"orthographic":false}