{"cameraMode":{"drawMode":0,"name":"Shaded","section":"Shading Mode"},"sceneLighting":false,"audioPlay":false,"sceneViewState":{"showFog":true,"showMaterialUpdate":true,"showSkybox":true,"showFlares":true,"showImageEffects":true,"showParticleSystems":true},"in2DMode":false,"pivot":{"x":0.00008526258170604706,"y":0.007175177335739136,"z":-0.000019244849681854248},"rotation":{"x":0.050534434616565707,"y":-0.13144586980342866,"z":0.0067095630802214149,"w":0.9900119304656982},"size":0.4171890318393707,"orthographic":false}