{"cameraMode":{"drawMode":0,"name":"Shaded","section":"Shading Mode"},"sceneLighting":false,"audioPlay":false,"sceneViewState":{"showFog":true,"showMaterialUpdate":true,"showSkybox":true,"showFlares":true,"showImageEffects":true,"showParticleSystems":true},"in2DMode":false,"pivot":{"x":0.863006591796875,"y":2.287994384765625,"z":-3.5540008544921877},"rotation":{"x":-0.16205164790153504,"y":0.7331115007400513,"z":-0.18758463859558106,"w":-0.6333242654800415},"size":857.3651733398438,"orthographic":false}