{"cameraMode":{"drawMode":0,"name":"Shaded","section":"Shading Mode"},"sceneLighting":false,"audioPlay":false,"sceneViewState":{"showFog":true,"showMaterialUpdate":true,"showSkybox":true,"showFlares":true,"showImageEffects":true,"showParticleSystems":true},"in2DMode":false,"pivot":{"x":13.713117599487305,"y":3.7577972412109377,"z":1.5745515823364258},"rotation":{"x":0.10432492196559906,"y":-0.0953245460987091,"z":0.010045871138572693,"w":0.9899160265922546},"size":2.851621150970459,"orthographic":false}