{"cameraMode":{"drawMode":0,"name":"Shaded","section":"Shading Mode"},"sceneLighting":false,"audioPlay":false,"sceneViewState":{"showFog":true,"showMaterialUpdate":true,"showSkybox":true,"showFlares":true,"showImageEffects":true,"showParticleSystems":true},"in2DMode":false,"pivot":{"x":-12.040007591247559,"y":30.068038940429689,"z":62.340335845947269},"rotation":{"x":0.09596127271652222,"y":0.12655842304229737,"z":-0.01230178028345108,"w":0.9872304797172546},"size":217.7220001220703,"orthographic":false}