{"cameraMode":{"drawMode":0,"name":"Shaded","section":"Shading Mode"},"sceneLighting":false,"audioPlay":false,"sceneViewState":{"showFog":true,"showMaterialUpdate":true,"showSkybox":true,"showFlares":true,"showImageEffects":true,"showParticleSystems":true},"in2DMode":false,"pivot":{"x":0.0,"y":0.10070507228374481,"z":-0.017930805683135988},"rotation":{"x":0.038183365017175677,"y":0.10323935002088547,"z":-0.003966047894209623,"w":0.9939168691635132},"size":10.271133422851563,"orthographic":false}